Student_ID,Gender,Study_Hours,Attendance,Math_Score,Reading_Score,Writing_Score
S001,Female,5,92,85,88,90
S002,Male,3,78,72,70,68
S003,Female,6,95,91,94,93
S004,Male,4,85,78,75,77
S005,Female,7,98,95,96,97
S006,Male,2,65,60,62,58
S007,Female,5,89,84,86,85
S008,Male,3,75,70,68,72
S009,Female,4,88,79,82,84
S010,Male,6,91,88,85,87
S011,Female,5,94,90,92,91
S012,Male,2,68,65,60,63
S013,Female,8,97,98,96,99
S014,Male,4,82,76,74,78
S015,Female,6,93,89,91,90
S016,Male,3,77,71,69,73
S017,Female,5,90,86,88,87
S018,Male,4,84,80,78,81
S019,Female,7,96,94,95,93
S020,Male,2,70,64,66,61
S021,Female,5,91,87,89,90
S022,Male,3,79,73,72,75
S023,Female,6,95,92,94,96
S024,Male,4,83,77,79,76
S025,Female,7,97,96,98,95
S026,Male,3,74,69,71,68
S027,Female,5,89,83,85,86
S028,Male,4,86,81,80,82
S029,Female,6,92,90,91,89
S030,Male,2,67,62,64,60
S031,Female,5,93,88,90,92
S032,Male,3,76,72,70,74
S033,Female,6,94,91,93,95
S034,Male,4,81,75,77,73
S035,Female,7,98,97,99,96
S036,Male,3,73,68,69,71
S037,Female,5,90,85,87,89
S038,Male,4,85,79,81,78
S039,Female,6,96,93,95,94
S040,Male,2,69,63,65,62
S041,Female,5,92,89,91,90
S042,Male,3,78,74,72,76
S043,Female,6,95,93,94,96
S044,Male,4,84,78,80,77
S045,Female,7,97,95,98,96
S046,Male,3,75,70,72,69
S047,Female,5,91,86,88,90
S048,Male,4,83,77,79,75
S049,Female,6,94,90,92,93
S050,Male,2,66,61,63,59
S051,Female,5,90,87,89,91
S052,Male,3,77,71,73,70
S053,Female,6,93,91,92,94
S054,Male,4,82,76,78,74
S055,Female,7,96,94,97,95
S056,Male,3,74,69,70,72
S057,Female,5,89,84,86,88
S058,Male,4,85,80,78,81
S059,Female,6,92,89,91,90
S060,Male,2,68,64,62,61
S061,Female,5,91,88,90,92
S062,Male,3,79,73,75,72
S063,Female,6,95,92,94,97
S064,Male,4,83,78,80,76
S065,Female,7,98,96,99,97
S066,Male,3,72,67,69,70
S067,Female,5,90,85,87,89
S068,Male,4,86,81,83,79
S069,Female,6,94,91,93,95
S070,Male,2,67,62,64,60
S071,Female,5,92,89,90,91
S072,Male,3,76,71,73,69
S073,Female,6,95,93,94,96
S074,Male,4,84,78,80,77
S075,Female,7,97,95,98,96
S076,Male,3,74,68,70,72
S077,Female,5,91,86,88,90
S078,Male,4,83,77,79,76
S079,Female,6,93,90,92,94
S080,Male,2,69,63,65,61
S081,Female,5,90,87,89,91
S082,Male,3,78,72,74,71
S083,Female,6,94,92,93,95
S084,Male,4,82,76,78,75
S085,Female,7,96,94,97,95
S086,Male,3,75,69,71,73
S087,Female,5,89,84,86,88
S088,Male,4,85,80,82,79
S089,Female,6,92,89,91,93
S090,Male,2,68,62,64,60
S091,Female,5,91,87,89,90
S092,Male,3,77,71,73,70
S093,Female,6,95,92,94,96
S094,Male,4,83,77,79,76
S095,Female,7,97,95,98,96
S096,Male,3,74,68,70,72
S097,Female,5,90,85,87,89
S098,Male,4,86,80,82,79
S099,Female,6,93,90,92,94
S100,Male,2,67,61,63,60